Word,Category
perro,Animals
gato,Animals
elefante,Animals
león,Animals
tigre,Animals
pez,Animals
pájaro,Animals
vaca,Animals
caballo,Animals
conejo,Animals
perro,Animals
gato,Animals
elefante,Animals
león,Animals
tigre,Animals
pez,Animals
pájaro,Animals
vaca,Animals
caballo,Animals
conejo,Animals
perro,Animals
gato,Animals
elefante,Animals
león,Animals
tigre,Animals
pez,Animals
pájaro,Animals
vaca,Animals
caballo,Animals
conejo,Animals
perro,Animals
gato,Animals
elefante,Animals
león,Animals
tigre,Animals
pez,Animals
pájaro,Animals
vaca,Animals
caballo,Animals
conejo,Animals
perro,Animals
gato,Animals
elefante,Animals
león,Animals
tigre,Animals
pez,Animals
pájaro,Animals
vaca,Animals
caballo,Animals
conejo,Animals
perro,Animals
gato,Animals
elefante,Animals
león,Animals
tigre,Animals
pez,Animals
pájaro,Animals
vaca,Animals
caballo,Animals
conejo,Animals
perro,Animals
gato,Animals
elefante,Animals
león,Animals
tigre,Animals
pez,Animals
pájaro,Animals
vaca,Animals
caballo,Animals
conejo,Animals
perro,Animals
gato,Animals
elefante,Animals
león,Animals
tigre,Animals
pez,Animals
pájaro,Animals
vaca,Animals
caballo,Animals
conejo,Animals
perro,Animals
gato,Animals
elefante,Animals
león,Animals
tigre,Animals
pez,Animals
pájaro,Animals
vaca,Animals
caballo,Animals
conejo,Animals
perro,Animals
gato,Animals
elefante,Animals
león,Animals
tigre,Animals
pez,Animals
pájaro,Animals
vaca,Animals
caballo,Animals
conejo,Animals
perro,Animals
gato,Animals
elefante,Animals
león,Animals
tigre,Animals
pez,Animals
pájaro,Animals
vaca,Animals
caballo,Animals
conejo,Animals
perro,Animals
gato,Animals
elefante,Animals
león,Animals
tigre,Animals
pez,Animals
pájaro,Animals
vaca,Animals
caballo,Animals
conejo,Animals
perro,Animals
gato,Animals
elefante,Animals
león,Animals
tigre,Animals
pez,Animals
pájaro,Animals
vaca,Animals
caballo,Animals
conejo,Animals
perro,Animals
gato,Animals
elefante,Animals
león,Animals
tigre,Animals
pez,Animals
pájaro,Animals
vaca,Animals
caballo,Animals
conejo,Animals
perro,Animals
gato,Animals
elefante,Animals
león,Animals
tigre,Animals
pez,Animals
pájaro,Animals
vaca,Animals
caballo,Animals
conejo,Animals
perro,Animals
gato,Animals
elefante,Animals
león,Animals
tigre,Animals
pez,Animals
pájaro,Animals
vaca,Animals
caballo,Animals
conejo,Animals
perro,Animals
gato,Animals
elefante,Animals
león,Animals
tigre,Animals
pez,Animals
pájaro,Animals
vaca,Animals
caballo,Animals
conejo,Animals
perro,Animals
gato,Animals
elefante,Animals
león,Animals
tigre,Animals
pez,Animals
pájaro,Animals
vaca,Animals
caballo,Animals
conejo,Animals
perro,Animals
gato,Animals
elefante,Animals
león,Animals
tigre,Animals
pez,Animals
pájaro,Animals
vaca,Animals
caballo,Animals
conejo,Animals
perro,Animals
gato,Animals
elefante,Animals
león,Animals
tigre,Animals
pez,Animals
pájaro,Animals
vaca,Animals
caballo,Animals
conejo,Animals
casa,Household
silla,Household
mesa,Household
cama,Household
puerta,Household
ventana,Household
lámpara,Household
espejo,Household
refrigerador,Household
televisor,Household
casa,Household
silla,Household
mesa,Household
cama,Household
puerta,Household
ventana,Household
lámpara,Household
espejo,Household
refrigerador,Household
televisor,Household
casa,Household
silla,Household
mesa,Household
cama,Household
puerta,Household
ventana,Household
lámpara,Household
espejo,Household
refrigerador,Household
televisor,Household
casa,Household
silla,Household
mesa,Household
cama,Household
puerta,Household
ventana,Household
lámpara,Household
espejo,Household
refrigerador,Household
televisor,Household
casa,Household
silla,Household
mesa,Household
cama,Household
puerta,Household
ventana,Household
lámpara,Household
espejo,Household
refrigerador,Household
televisor,Household
casa,Household
silla,Household
mesa,Household
cama,Household
puerta,Household
ventana,Household
lámpara,Household
espejo,Household
refrigerador,Household
televisor,Household
casa,Household
silla,Household
mesa,Household
cama,Household
puerta,Household
ventana,Household
lámpara,Household
espejo,Household
refrigerador,Household
televisor,Household
casa,Household
silla,Household
mesa,Household
cama,Household
puerta,Household
ventana,Household
lámpara,Household
espejo,Household
refrigerador,Household
televisor,Household
casa,Household
silla,Household
mesa,Household
cama,Household
puerta,Household
ventana,Household
lámpara,Household
espejo,Household
refrigerador,Household
televisor,Household
casa,Household
silla,Household
mesa,Household
cama,Household
puerta,Household
ventana,Household
lámpara,Household
espejo,Household
refrigerador,Household
televisor,Household
casa,Household
silla,Household
mesa,Household
cama,Household
puerta,Household
ventana,Household
lámpara,Household
espejo,Household
refrigerador,Household
televisor,Household
casa,Household
silla,Household
mesa,Household
cama,Household
puerta,Household
ventana,Household
lámpara,Household
espejo,Household
refrigerador,Household
televisor,Household
casa,Household
silla,Household
mesa,Household
cama,Household
puerta,Household
ventana,Household
lámpara,Household
espejo,Household
refrigerador,Household
televisor,Household
casa,Household
silla,Household
mesa,Household
cama,Household
puerta,Household
ventana,Household
lámpara,Household
espejo,Household
refrigerador,Household
televisor,Household
casa,Household
silla,Household
mesa,Household
cama,Household
puerta,Household
ventana,Household
lámpara,Household
espejo,Household
refrigerador,Household
televisor,Household
casa,Household
silla,Household
mesa,Household
cama,Household
puerta,Household
ventana,Household
lámpara,Household
espejo,Household
refrigerador,Household
televisor,Household
casa,Household
silla,Household
mesa,Household
cama,Household
puerta,Household
ventana,Household
lámpara,Household
espejo,Household
refrigerador,Household
televisor,Household
casa,Household
silla,Household
mesa,Household
cama,Household
puerta,Household
ventana,Household
lámpara,Household
espejo,Household
refrigerador,Household
televisor,Household
casa,Household
silla,Household
mesa,Household
cama,Household
puerta,Household
ventana,Household
lámpara,Household
espejo,Household
refrigerador,Household
televisor,Household
casa,Household
silla,Household
mesa,Household
cama,Household
puerta,Household
ventana,Household
lámpara,Household
espejo,Household
refrigerador,Household
televisor,Household
escuela,Places
hospital,Places
parque,Places
biblioteca,Places
museo,Places
iglesia,Places
mercado,Places
restaurante,Places
hotel,Places
estación,Places
escuela,Places
hospital,Places
parque,Places
biblioteca,Places
museo,Places
iglesia,Places
mercado,Places
restaurante,Places
hotel,Places
estación,Places
escuela,Places
hospital,Places
parque,Places
biblioteca,Places
museo,Places
iglesia,Places
mercado,Places
restaurante,Places
hotel,Places
estación,Places
escuela,Places
hospital,Places
parque,Places
biblioteca,Places
museo,Places
iglesia,Places
mercado,Places
restaurante,Places
hotel,Places
estación,Places
escuela,Places
hospital,Places
parque,Places
biblioteca,Places
museo,Places
iglesia,Places
mercado,Places
restaurante,Places
hotel,Places
estación,Places
escuela,Places
hospital,Places
parque,Places
biblioteca,Places
museo,Places
iglesia,Places
mercado,Places
restaurante,Places
hotel,Places
estación,Places
escuela,Places
hospital,Places
parque,Places
biblioteca,Places
museo,Places
iglesia,Places
mercado,Places
restaurante,Places
hotel,Places
estación,Places
escuela,Places
hospital,Places
parque,Places
biblioteca,Places
museo,Places
iglesia,Places
mercado,Places
restaurante,Places
hotel,Places
estación,Places
escuela,Places
hospital,Places
parque,Places
biblioteca,Places
museo,Places
iglesia,Places
mercado,Places
restaurante,Places
hotel,Places
estación,Places
escuela,Places
hospital,Places
parque,Places
biblioteca,Places
museo,Places
iglesia,Places
mercado,Places
restaurante,Places
hotel,Places
estación,Places
escuela,Places
hospital,Places
parque,Places
biblioteca,Places
museo,Places
iglesia,Places
mercado,Places
restaurante,Places
hotel,Places
estación,Places
escuela,Places
hospital,Places
parque,Places
biblioteca,Places
museo,Places
iglesia,Places
mercado,Places
restaurante,Places
hotel,Places
estación,Places
escuela,Places
hospital,Places
parque,Places
biblioteca,Places
museo,Places
iglesia,Places
mercado,Places
restaurante,Places
hotel,Places
estación,Places
escuela,Places
hospital,Places
parque,Places
biblioteca,Places
museo,Places
iglesia,Places
mercado,Places
restaurante,Places
hotel,Places
estación,Places
escuela,Places
hospital,Places
parque,Places
biblioteca,Places
museo,Places
iglesia,Places
mercado,Places
restaurante,Places
hotel,Places
estación,Places
escuela,Places
hospital,Places
parque,Places
biblioteca,Places
museo,Places
iglesia,Places
mercado,Places
restaurante,Places
hotel,Places
estación,Places
escuela,Places
hospital,Places
parque,Places
biblioteca,Places
museo,Places
iglesia,Places
mercado,Places
restaurante,Places
hotel,Places
estación,Places
escuela,Places
hospital,Places
parque,Places
biblioteca,Places
museo,Places
iglesia,Places
mercado,Places
restaurante,Places
hotel,Places
estación,Places
escuela,Places
hospital,Places
parque,Places
biblioteca,Places
museo,Places
iglesia,Places
mercado,Places
restaurante,Places
hotel,Places
estación,Places
escuela,Places
hospital,Places
parque,Places
biblioteca,Places
museo,Places
iglesia,Places
mercado,Places
restaurante,Places
hotel,Places
estación,Places
manzana,Food
pan,Food
agua,Food
queso,Food
arroz,Food
carne,Food
pollo,Food
leche,Food
huevo,Food
plátano,Food
manzana,Food
pan,Food
agua,Food
queso,Food
arroz,Food
carne,Food
pollo,Food
leche,Food
huevo,Food
plátano,Food
manzana,Food
pan,Food
agua,Food
queso,Food
arroz,Food
carne,Food
pollo,Food
leche,Food
huevo,Food
plátano,Food
manzana,Food
pan,Food
agua,Food
queso,Food
arroz,Food
carne,Food
pollo,Food
leche,Food
huevo,Food
plátano,Food
manzana,Food
pan,Food
agua,Food
queso,Food
arroz,Food
carne,Food
pollo,Food
leche,Food
huevo,Food
plátano,Food
manzana,Food
pan,Food
agua,Food
queso,Food
arroz,Food
carne,Food
pollo,Food
leche,Food
huevo,Food
plátano,Food
manzana,Food
pan,Food
agua,Food
queso,Food
arroz,Food
carne,Food
pollo,Food
leche,Food
huevo,Food
plátano,Food
manzana,Food
pan,Food
agua,Food
queso,Food
arroz,Food
carne,Food
pollo,Food
leche,Food
huevo,Food
plátano,Food
manzana,Food
pan,Food
agua,Food
queso,Food
arroz,Food
carne,Food
pollo,Food
leche,Food
huevo,Food
plátano,Food
manzana,Food
pan,Food
agua,Food
queso,Food
arroz,Food
carne,Food
pollo,Food
leche,Food
huevo,Food
plátano,Food
manzana,Food
pan,Food
agua,Food
queso,Food
arroz,Food
carne,Food
pollo,Food
leche,Food
huevo,Food
plátano,Food
manzana,Food
pan,Food
agua,Food
queso,Food
arroz,Food
carne,Food
pollo,Food
leche,Food
huevo,Food
plátano,Food
manzana,Food
pan,Food
agua,Food
queso,Food
arroz,Food
carne,Food
pollo,Food
leche,Food
huevo,Food
plátano,Food
manzana,Food
pan,Food
agua,Food
queso,Food
arroz,Food
carne,Food
pollo,Food
leche,Food
huevo,Food
plátano,Food
manzana,Food
pan,Food
agua,Food
queso,Food
arroz,Food
carne,Food
pollo,Food
leche,Food
huevo,Food
plátano,Food
manzana,Food
pan,Food
agua,Food
queso,Food
arroz,Food
carne,Food
pollo,Food
leche,Food
huevo,Food
plátano,Food
manzana,Food
pan,Food
agua,Food
queso,Food
arroz,Food
carne,Food
pollo,Food
leche,Food
huevo,Food
plátano,Food
manzana,Food
pan,Food
agua,Food
queso,Food
arroz,Food
carne,Food
pollo,Food
leche,Food
huevo,Food
plátano,Food
manzana,Food
pan,Food
agua,Food
queso,Food
arroz,Food
carne,Food
pollo,Food
leche,Food
huevo,Food
plátano,Food
manzana,Food
pan,Food
agua,Food
queso,Food
arroz,Food
carne,Food
pollo,Food
leche,Food
huevo,Food
plátano,Food
rojo,Colors
azul,Colors
verde,Colors
amarillo,Colors
negro,Colors
blanco,Colors
gris,Colors
morado,Colors
naranja,Colors
rosa,Colors
rojo,Colors
azul,Colors
verde,Colors
amarillo,Colors
negro,Colors
blanco,Colors
gris,Colors
morado,Colors
naranja,Colors
rosa,Colors
rojo,Colors
azul,Colors
verde,Colors
amarillo,Colors
negro,Colors
blanco,Colors
gris,Colors
morado,Colors
naranja,Colors
rosa,Colors
rojo,Colors
azul,Colors
verde,Colors
amarillo,Colors
negro,Colors
blanco,Colors
gris,Colors
morado,Colors
naranja,Colors
rosa,Colors
rojo,Colors
azul,Colors
verde,Colors
amarillo,Colors
negro,Colors
blanco,Colors
gris,Colors
morado,Colors
naranja,Colors
rosa,Colors
rojo,Colors
azul,Colors
verde,Colors
amarillo,Colors
negro,Colors
blanco,Colors
gris,Colors
morado,Colors
naranja,Colors
rosa,Colors
rojo,Colors
azul,Colors
verde,Colors
amarillo,Colors
negro,Colors
blanco,Colors
gris,Colors
morado,Colors
naranja,Colors
rosa,Colors
rojo,Colors
azul,Colors
verde,Colors
amarillo,Colors
negro,Colors
blanco,Colors
gris,Colors
morado,Colors
naranja,Colors
rosa,Colors
rojo,Colors
azul,Colors
verde,Colors
amarillo,Colors
negro,Colors
blanco,Colors
gris,Colors
morado,Colors
naranja,Colors
rosa,Colors
rojo,Colors
azul,Colors
verde,Colors
amarillo,Colors
negro,Colors
blanco,Colors
gris,Colors
morado,Colors
naranja,Colors
rosa,Colors
rojo,Colors
azul,Colors
verde,Colors
amarillo,Colors
negro,Colors
blanco,Colors
gris,Colors
morado,Colors
naranja,Colors
rosa,Colors
rojo,Colors
azul,Colors
verde,Colors
amarillo,Colors
negro,Colors
blanco,Colors
gris,Colors
morado,Colors
naranja,Colors
rosa,Colors
rojo,Colors
azul,Colors
verde,Colors
amarillo,Colors
negro,Colors
blanco,Colors
gris,Colors
morado,Colors
naranja,Colors
rosa,Colors
rojo,Colors
azul,Colors
verde,Colors
amarillo,Colors
negro,Colors
blanco,Colors
gris,Colors
morado,Colors
naranja,Colors
rosa,Colors
rojo,Colors
azul,Colors
verde,Colors
amarillo,Colors
negro,Colors
blanco,Colors
gris,Colors
morado,Colors
naranja,Colors
rosa,Colors
rojo,Colors
azul,Colors
verde,Colors
amarillo,Colors
negro,Colors
blanco,Colors
gris,Colors
morado,Colors
naranja,Colors
rosa,Colors
rojo,Colors
azul,Colors
verde,Colors
amarillo,Colors
negro,Colors
blanco,Colors
gris,Colors
morado,Colors
naranja,Colors
rosa,Colors
rojo,Colors
azul,Colors
verde,Colors
amarillo,Colors
negro,Colors
blanco,Colors
gris,Colors
morado,Colors
naranja,Colors
rosa,Colors
rojo,Colors
azul,Colors
verde,Colors
amarillo,Colors
negro,Colors
blanco,Colors
gris,Colors
morado,Colors
naranja,Colors
rosa,Colors
rojo,Colors
azul,Colors
verde,Colors
amarillo,Colors
negro,Colors
blanco,Colors
gris,Colors
morado,Colors
naranja,Colors
rosa,Colors
uno,Numbers
dos,Numbers
tres,Numbers
cuatro,Numbers
cinco,Numbers
seis,Numbers
siete,Numbers
ocho,Numbers
nueve,Numbers
diez,Numbers
uno,Numbers
dos,Numbers
tres,Numbers
cuatro,Numbers
cinco,Numbers
seis,Numbers
siete,Numbers
ocho,Numbers
nueve,Numbers
diez,Numbers
uno,Numbers
dos,Numbers
tres,Numbers
cuatro,Numbers
cinco,Numbers
seis,Numbers
siete,Numbers
ocho,Numbers
nueve,Numbers
diez,Numbers
uno,Numbers
dos,Numbers
tres,Numbers
cuatro,Numbers
cinco,Numbers
seis,Numbers
siete,Numbers
ocho,Numbers
nueve,Numbers
diez,Numbers
uno,Numbers
dos,Numbers
tres,Numbers
cuatro,Numbers
cinco,Numbers
seis,Numbers
siete,Numbers
ocho,Numbers
nueve,Numbers
diez,Numbers
uno,Numbers
dos,Numbers
tres,Numbers
cuatro,Numbers
cinco,Numbers
seis,Numbers
siete,Numbers
ocho,Numbers
nueve,Numbers
diez,Numbers
uno,Numbers
dos,Numbers
tres,Numbers
cuatro,Numbers
cinco,Numbers
seis,Numbers
siete,Numbers
ocho,Numbers
nueve,Numbers
diez,Numbers
uno,Numbers
dos,Numbers
tres,Numbers
cuatro,Numbers
cinco,Numbers
seis,Numbers
siete,Numbers
ocho,Numbers
nueve,Numbers
diez,Numbers
uno,Numbers
dos,Numbers
tres,Numbers
cuatro,Numbers
cinco,Numbers
seis,Numbers
siete,Numbers
ocho,Numbers
nueve,Numbers
diez,Numbers
uno,Numbers
dos,Numbers
tres,Numbers
cuatro,Numbers
cinco,Numbers
seis,Numbers
siete,Numbers
ocho,Numbers
nueve,Numbers
diez,Numbers
uno,Numbers
dos,Numbers
tres,Numbers
cuatro,Numbers
cinco,Numbers
seis,Numbers
siete,Numbers
ocho,Numbers
nueve,Numbers
diez,Numbers
uno,Numbers
dos,Numbers
tres,Numbers
cuatro,Numbers
cinco,Numbers
seis,Numbers
siete,Numbers
ocho,Numbers
nueve,Numbers
diez,Numbers
uno,Numbers
dos,Numbers
tres,Numbers
cuatro,Numbers
cinco,Numbers
seis,Numbers
siete,Numbers
ocho,Numbers
nueve,Numbers
diez,Numbers
uno,Numbers
dos,Numbers
tres,Numbers
cuatro,Numbers
cinco,Numbers
seis,Numbers
siete,Numbers
ocho,Numbers
nueve,Numbers
diez,Numbers
uno,Numbers
dos,Numbers
tres,Numbers
cuatro,Numbers
cinco,Numbers
seis,Numbers
siete,Numbers
ocho,Numbers
nueve,Numbers
diez,Numbers
uno,Numbers
dos,Numbers
tres,Numbers
cuatro,Numbers
cinco,Numbers
seis,Numbers
siete,Numbers
ocho,Numbers
nueve,Numbers
diez,Numbers
uno,Numbers
dos,Numbers
tres,Numbers
cuatro,Numbers
cinco,Numbers
seis,Numbers
siete,Numbers
ocho,Numbers
nueve,Numbers
diez,Numbers
uno,Numbers
dos,Numbers
tres,Numbers
cuatro,Numbers
cinco,Numbers
seis,Numbers
siete,Numbers
ocho,Numbers
nueve,Numbers
diez,Numbers
uno,Numbers
dos,Numbers
tres,Numbers
cuatro,Numbers
cinco,Numbers
seis,Numbers
siete,Numbers
ocho,Numbers
nueve,Numbers
diez,Numbers
uno,Numbers
dos,Numbers
tres,Numbers
cuatro,Numbers
cinco,Numbers
seis,Numbers
siete,Numbers
ocho,Numbers
nueve,Numbers
diez,Numbers
feliz,Emotions
triste,Emotions
enojado,Emotions
asustado,Emotions
sorprendido,Emotions
aburrido,Emotions
cansado,Emotions
emocionado,Emotions
nervioso,Emotions
orgulloso,Emotions
feliz,Emotions
triste,Emotions
enojado,Emotions
asustado,Emotions
sorprendido,Emotions
aburrido,Emotions
cansado,Emotions
emocionado,Emotions
nervioso,Emotions
orgulloso,Emotions
feliz,Emotions
triste,Emotions
enojado,Emotions
asustado,Emotions
sorprendido,Emotions
aburrido,Emotions
cansado,Emotions
emocionado,Emotions
nervioso,Emotions
orgulloso,Emotions
feliz,Emotions
triste,Emotions
enojado,Emotions
asustado,Emotions
sorprendido,Emotions
aburrido,Emotions
cansado,Emotions
emocionado,Emotions
nervioso,Emotions
orgulloso,Emotions
feliz,Emotions
triste,Emotions
enojado,Emotions
asustado,Emotions
sorprendido,Emotions
aburrido,Emotions
cansado,Emotions
emocionado,Emotions
nervioso,Emotions
orgulloso,Emotions
feliz,Emotions
triste,Emotions
enojado,Emotions
asustado,Emotions
sorprendido,Emotions
aburrido,Emotions
cansado,Emotions
emocionado,Emotions
nervioso,Emotions
orgulloso,Emotions
feliz,Emotions
triste,Emotions
enojado,Emotions
asustado,Emotions
sorprendido,Emotions
aburrido,Emotions
cansado,Emotions
emocionado,Emotions
nervioso,Emotions
orgulloso,Emotions
feliz,Emotions
triste,Emotions
enojado,Emotions
asustado,Emotions
sorprendido,Emotions
aburrido,Emotions
cansado,Emotions
emocionado,Emotions
nervioso,Emotions
orgulloso,Emotions
feliz,Emotions
triste,Emotions
enojado,Emotions
asustado,Emotions
sorprendido,Emotions
aburrido,Emotions
cansado,Emotions
emocionado,Emotions
nervioso,Emotions
orgulloso,Emotions
feliz,Emotions
triste,Emotions
enojado,Emotions
asustado,Emotions
sorprendido,Emotions
aburrido,Emotions
cansado,Emotions
emocionado,Emotions
nervioso,Emotions
orgulloso,Emotions
feliz,Emotions
triste,Emotions
enojado,Emotions
asustado,Emotions
sorprendido,Emotions
aburrido,Emotions
cansado,Emotions
emocionado,Emotions
nervioso,Emotions
orgulloso,Emotions
feliz,Emotions
triste,Emotions
enojado,Emotions
asustado,Emotions
sorprendido,Emotions
aburrido,Emotions
cansado,Emotions
emocionado,Emotions
nervioso,Emotions
orgulloso,Emotions
feliz,Emotions
triste,Emotions
enojado,Emotions
asustado,Emotions
sorprendido,Emotions
aburrido,Emotions
cansado,Emotions
emocionado,Emotions
nervioso,Emotions
orgulloso,Emotions
feliz,Emotions
triste,Emotions
enojado,Emotions
asustado,Emotions
sorprendido,Emotions
aburrido,Emotions
cansado,Emotions
emocionado,Emotions
nervioso,Emotions
orgulloso,Emotions
feliz,Emotions
triste,Emotions
enojado,Emotions
asustado,Emotions
sorprendido,Emotions
aburrido,Emotions
cansado,Emotions
emocionado,Emotions
nervioso,Emotions
orgulloso,Emotions
feliz,Emotions
triste,Emotions
enojado,Emotions
asustado,Emotions
sorprendido,Emotions
aburrido,Emotions
cansado,Emotions
emocionado,Emotions
nervioso,Emotions
orgulloso,Emotions
feliz,Emotions
triste,Emotions
enojado,Emotions
asustado,Emotions
sorprendido,Emotions
aburrido,Emotions
cansado,Emotions
emocionado,Emotions
nervioso,Emotions
orgulloso,Emotions
feliz,Emotions
triste,Emotions
enojado,Emotions
asustado,Emotions
sorprendido,Emotions
aburrido,Emotions
cansado,Emotions
emocionado,Emotions
nervioso,Emotions
orgulloso,Emotions
feliz,Emotions
triste,Emotions
enojado,Emotions
asustado,Emotions
sorprendido,Emotions
aburrido,Emotions
cansado,Emotions
emocionado,Emotions
nervioso,Emotions
orgulloso,Emotions
feliz,Emotions
triste,Emotions
enojado,Emotions
asustado,Emotions
sorprendido,Emotions
aburrido,Emotions
cansado,Emotions
emocionado,Emotions
nervioso,Emotions
orgulloso,Emotions
alto,Descriptions
bajo,Descriptions
grande,Descriptions
pequeño,Descriptions
largo,Descriptions
corto,Descriptions
fácil,Descriptions
difícil,Descriptions
rápido,Descriptions
lento,Descriptions
alto,Descriptions
bajo,Descriptions
grande,Descriptions
pequeño,Descriptions
largo,Descriptions
corto,Descriptions
fácil,Descriptions
difícil,Descriptions
rápido,Descriptions
lento,Descriptions
alto,Descriptions
bajo,Descriptions
grande,Descriptions
pequeño,Descriptions
largo,Descriptions
corto,Descriptions
fácil,Descriptions
difícil,Descriptions
rápido,Descriptions
lento,Descriptions
alto,Descriptions
bajo,Descriptions
grande,Descriptions
pequeño,Descriptions
largo,Descriptions
corto,Descriptions
fácil,Descriptions
difícil,Descriptions
rápido,Descriptions
lento,Descriptions
alto,Descriptions
bajo,Descriptions
grande,Descriptions
pequeño,Descriptions
largo,Descriptions
corto,Descriptions
fácil,Descriptions
difícil,Descriptions
rápido,Descriptions
lento,Descriptions
alto,Descriptions
bajo,Descriptions
grande,Descriptions
pequeño,Descriptions
largo,Descriptions
corto,Descriptions
fácil,Descriptions
difícil,Descriptions
rápido,Descriptions
lento,Descriptions
alto,Descriptions
bajo,Descriptions
grande,Descriptions
pequeño,Descriptions
largo,Descriptions
corto,Descriptions
fácil,Descriptions
difícil,Descriptions
rápido,Descriptions
lento,Descriptions
alto,Descriptions
bajo,Descriptions
grande,Descriptions
pequeño,Descriptions
largo,Descriptions
corto,Descriptions
fácil,Descriptions
difícil,Descriptions
rápido,Descriptions
lento,Descriptions
alto,Descriptions
bajo,Descriptions
grande,Descriptions
pequeño,Descriptions
largo,Descriptions
corto,Descriptions
fácil,Descriptions
difícil,Descriptions
rápido,Descriptions
lento,Descriptions
alto,Descriptions
bajo,Descriptions
grande,Descriptions
pequeño,Descriptions
largo,Descriptions
corto,Descriptions
fácil,Descriptions
difícil,Descriptions
rápido,Descriptions
lento,Descriptions
alto,Descriptions
bajo,Descriptions
grande,Descriptions
pequeño,Descriptions
largo,Descriptions
corto,Descriptions
fácil,Descriptions
difícil,Descriptions
rápido,Descriptions
lento,Descriptions
alto,Descriptions
bajo,Descriptions
grande,Descriptions
pequeño,Descriptions
largo,Descriptions
corto,Descriptions
fácil,Descriptions
difícil,Descriptions
rápido,Descriptions
lento,Descriptions
alto,Descriptions
bajo,Descriptions
grande,Descriptions
pequeño,Descriptions
largo,Descriptions
corto,Descriptions
fácil,Descriptions
difícil,Descriptions
rápido,Descriptions
lento,Descriptions
alto,Descriptions
bajo,Descriptions
grande,Descriptions
pequeño,Descriptions
largo,Descriptions
corto,Descriptions
fácil,Descriptions
difícil,Descriptions
rápido,Descriptions
lento,Descriptions
alto,Descriptions
bajo,Descriptions
grande,Descriptions
pequeño,Descriptions
largo,Descriptions
corto,Descriptions
fácil,Descriptions
difícil,Descriptions
rápido,Descriptions
lento,Descriptions
alto,Descriptions
bajo,Descriptions
grande,Descriptions
pequeño,Descriptions
largo,Descriptions
corto,Descriptions
fácil,Descriptions
difícil,Descriptions
rápido,Descriptions
lento,Descriptions
alto,Descriptions
bajo,Descriptions
grande,Descriptions
pequeño,Descriptions
largo,Descriptions
corto,Descriptions
fácil,Descriptions
difícil,Descriptions
rápido,Descriptions
lento,Descriptions
alto,Descriptions
bajo,Descriptions
grande,Descriptions
pequeño,Descriptions
largo,Descriptions
corto,Descriptions
fácil,Descriptions
difícil,Descriptions
rápido,Descriptions
lento,Descriptions
alto,Descriptions
bajo,Descriptions
grande,Descriptions
pequeño,Descriptions
largo,Descriptions
corto,Descriptions
fácil,Descriptions
difícil,Descriptions
rápido,Descriptions
lento,Descriptions
alto,Descriptions
bajo,Descriptions
grande,Descriptions
pequeño,Descriptions
largo,Descriptions
corto,Descriptions
fácil,Descriptions
difícil,Descriptions
rápido,Descriptions
lento,Descriptions
correr,Verbs
saltar,Verbs
comer,Verbs
beber,Verbs
leer,Verbs
escribir,Verbs
dormir,Verbs
hablar,Verbs
escuchar,Verbs
caminar,Verbs
correr,Verbs
saltar,Verbs
comer,Verbs
beber,Verbs
leer,Verbs
escribir,Verbs
dormir,Verbs
hablar,Verbs
escuchar,Verbs
caminar,Verbs
correr,Verbs
saltar,Verbs
comer,Verbs
beber,Verbs
leer,Verbs
escribir,Verbs
dormir,Verbs
hablar,Verbs
escuchar,Verbs
caminar,Verbs
correr,Verbs
saltar,Verbs
comer,Verbs
beber,Verbs
leer,Verbs
escribir,Verbs
dormir,Verbs
hablar,Verbs
escuchar,Verbs
caminar,Verbs
correr,Verbs
saltar,Verbs
comer,Verbs
beber,Verbs
leer,Verbs
escribir,Verbs
dormir,Verbs
hablar,Verbs
escuchar,Verbs
caminar,Verbs
correr,Verbs
saltar,Verbs
comer,Verbs
beber,Verbs
leer,Verbs
escribir,Verbs
dormir,Verbs
hablar,Verbs
escuchar,Verbs
caminar,Verbs
correr,Verbs
saltar,Verbs
comer,Verbs
beber,Verbs
leer,Verbs
escribir,Verbs
dormir,Verbs
hablar,Verbs
escuchar,Verbs
caminar,Verbs
correr,Verbs
saltar,Verbs
comer,Verbs
beber,Verbs
leer,Verbs
escribir,Verbs
dormir,Verbs
hablar,Verbs
escuchar,Verbs
caminar,Verbs
correr,Verbs
saltar,Verbs
comer,Verbs
beber,Verbs
leer,Verbs
escribir,Verbs
dormir,Verbs
hablar,Verbs
escuchar,Verbs
caminar,Verbs
correr,Verbs
saltar,Verbs
comer,Verbs
beber,Verbs
leer,Verbs
escribir,Verbs
dormir,Verbs
hablar,Verbs
escuchar,Verbs
caminar,Verbs
correr,Verbs
saltar,Verbs
comer,Verbs
beber,Verbs
leer,Verbs
escribir,Verbs
dormir,Verbs
hablar,Verbs
escuchar,Verbs
caminar,Verbs
correr,Verbs
saltar,Verbs
comer,Verbs
beber,Verbs
leer,Verbs
escribir,Verbs
dormir,Verbs
hablar,Verbs
escuchar,Verbs
caminar,Verbs
correr,Verbs
saltar,Verbs
comer,Verbs
beber,Verbs
leer,Verbs
escribir,Verbs
dormir,Verbs
hablar,Verbs
escuchar,Verbs
caminar,Verbs
correr,Verbs
saltar,Verbs
comer,Verbs
beber,Verbs
leer,Verbs
escribir,Verbs
dormir,Verbs
hablar,Verbs
escuchar,Verbs
caminar,Verbs
correr,Verbs
saltar,Verbs
comer,Verbs
beber,Verbs
leer,Verbs
escribir,Verbs
dormir,Verbs
hablar,Verbs
escuchar,Verbs
caminar,Verbs
correr,Verbs
saltar,Verbs
comer,Verbs
beber,Verbs
leer,Verbs
escribir,Verbs
dormir,Verbs
hablar,Verbs
escuchar,Verbs
caminar,Verbs
correr,Verbs
saltar,Verbs
comer,Verbs
beber,Verbs
leer,Verbs
escribir,Verbs
dormir,Verbs
hablar,Verbs
escuchar,Verbs
caminar,Verbs
correr,Verbs
saltar,Verbs
comer,Verbs
beber,Verbs
leer,Verbs
escribir,Verbs
dormir,Verbs
hablar,Verbs
escuchar,Verbs
caminar,Verbs
correr,Verbs
saltar,Verbs
comer,Verbs
beber,Verbs
leer,Verbs
escribir,Verbs
dormir,Verbs
hablar,Verbs
escuchar,Verbs
caminar,Verbs
correr,Verbs
saltar,Verbs
comer,Verbs
beber,Verbs
leer,Verbs
escribir,Verbs
dormir,Verbs
hablar,Verbs
escuchar,Verbs
caminar,Verbs
bonito,Adjectives
feo,Adjectives
rico,Adjectives
pobre,Adjectives
feliz,Adjectives
triste,Adjectives
inteligente,Adjectives
tonto,Adjectives
nuevo,Adjectives
viejo,Adjectives
bonito,Adjectives
feo,Adjectives
rico,Adjectives
pobre,Adjectives
feliz,Adjectives
triste,Adjectives
inteligente,Adjectives
tonto,Adjectives
nuevo,Adjectives
viejo,Adjectives
bonito,Adjectives
feo,Adjectives
rico,Adjectives
pobre,Adjectives
feliz,Adjectives
triste,Adjectives
inteligente,Adjectives
tonto,Adjectives
nuevo,Adjectives
viejo,Adjectives
bonito,Adjectives
feo,Adjectives
rico,Adjectives
pobre,Adjectives
feliz,Adjectives
triste,Adjectives
inteligente,Adjectives
tonto,Adjectives
nuevo,Adjectives
viejo,Adjectives
bonito,Adjectives
feo,Adjectives
rico,Adjectives
pobre,Adjectives
feliz,Adjectives
triste,Adjectives
inteligente,Adjectives
tonto,Adjectives
nuevo,Adjectives
viejo,Adjectives
bonito,Adjectives
feo,Adjectives
rico,Adjectives
pobre,Adjectives
feliz,Adjectives
triste,Adjectives
inteligente,Adjectives
tonto,Adjectives
nuevo,Adjectives
viejo,Adjectives
bonito,Adjectives
feo,Adjectives
rico,Adjectives
pobre,Adjectives
feliz,Adjectives
triste,Adjectives
inteligente,Adjectives
tonto,Adjectives
nuevo,Adjectives
viejo,Adjectives
bonito,Adjectives
feo,Adjectives
rico,Adjectives
pobre,Adjectives
feliz,Adjectives
triste,Adjectives
inteligente,Adjectives
tonto,Adjectives
nuevo,Adjectives
viejo,Adjectives
bonito,Adjectives
feo,Adjectives
rico,Adjectives
pobre,Adjectives
feliz,Adjectives
triste,Adjectives
inteligente,Adjectives
tonto,Adjectives
nuevo,Adjectives
viejo,Adjectives
bonito,Adjectives
feo,Adjectives
rico,Adjectives
pobre,Adjectives
feliz,Adjectives
triste,Adjectives
inteligente,Adjectives
tonto,Adjectives
nuevo,Adjectives
viejo,Adjectives
bonito,Adjectives
feo,Adjectives
rico,Adjectives
pobre,Adjectives
feliz,Adjectives
triste,Adjectives
inteligente,Adjectives
tonto,Adjectives
nuevo,Adjectives
viejo,Adjectives
bonito,Adjectives
feo,Adjectives
rico,Adjectives
pobre,Adjectives
feliz,Adjectives
triste,Adjectives
inteligente,Adjectives
tonto,Adjectives
nuevo,Adjectives
viejo,Adjectives
bonito,Adjectives
feo,Adjectives
rico,Adjectives
pobre,Adjectives
feliz,Adjectives
triste,Adjectives
inteligente,Adjectives
tonto,Adjectives
nuevo,Adjectives
viejo,Adjectives
bonito,Adjectives
feo,Adjectives
rico,Adjectives
pobre,Adjectives
feliz,Adjectives
triste,Adjectives
inteligente,Adjectives
tonto,Adjectives
nuevo,Adjectives
viejo,Adjectives
bonito,Adjectives
feo,Adjectives
rico,Adjectives
pobre,Adjectives
feliz,Adjectives
triste,Adjectives
inteligente,Adjectives
tonto,Adjectives
nuevo,Adjectives
viejo,Adjectives
bonito,Adjectives
feo,Adjectives
rico,Adjectives
pobre,Adjectives
feliz,Adjectives
triste,Adjectives
inteligente,Adjectives
tonto,Adjectives
nuevo,Adjectives
viejo,Adjectives
bonito,Adjectives
feo,Adjectives
rico,Adjectives
pobre,Adjectives
feliz,Adjectives
triste,Adjectives
inteligente,Adjectives
tonto,Adjectives
nuevo,Adjectives
viejo,Adjectives
bonito,Adjectives
feo,Adjectives
rico,Adjectives
pobre,Adjectives
feliz,Adjectives
triste,Adjectives
inteligente,Adjectives
tonto,Adjectives
nuevo,Adjectives
viejo,Adjectives
bonito,Adjectives
feo,Adjectives
rico,Adjectives
pobre,Adjectives
feliz,Adjectives
triste,Adjectives
inteligente,Adjectives
tonto,Adjectives
nuevo,Adjectives
viejo,Adjectives
bonito,Adjectives
feo,Adjectives
rico,Adjectives
pobre,Adjectives
feliz,Adjectives
triste,Adjectives
inteligente,Adjectives
tonto,Adjectives
nuevo,Adjectives
viejo,Adjectives
doctor,Professions
profesor,Professions
ingeniero,Professions
abogado,Professions
arquitecto,Professions
pintor,Professions
músico,Professions
actor,Professions
escritor,Professions
panadero,Professions
doctor,Professions
profesor,Professions
ingeniero,Professions
abogado,Professions
arquitecto,Professions
pintor,Professions
músico,Professions
actor,Professions
escritor,Professions
panadero,Professions
doctor,Professions
profesor,Professions
ingeniero,Professions
abogado,Professions
arquitecto,Professions
pintor,Professions
músico,Professions
actor,Professions
escritor,Professions
panadero,Professions
doctor,Professions
profesor,Professions
ingeniero,Professions
abogado,Professions
arquitecto,Professions
pintor,Professions
músico,Professions
actor,Professions
escritor,Professions
panadero,Professions
doctor,Professions
profesor,Professions
ingeniero,Professions
abogado,Professions
arquitecto,Professions
pintor,Professions
músico,Professions
actor,Professions
escritor,Professions
panadero,Professions
doctor,Professions
profesor,Professions
ingeniero,Professions
abogado,Professions
arquitecto,Professions
pintor,Professions
músico,Professions
actor,Professions
escritor,Professions
panadero,Professions
doctor,Professions
profesor,Professions
ingeniero,Professions
abogado,Professions
arquitecto,Professions
pintor,Professions
músico,Professions
actor,Professions
escritor,Professions
panadero,Professions
doctor,Professions
profesor,Professions
ingeniero,Professions
abogado,Professions
arquitecto,Professions
pintor,Professions
músico,Professions
actor,Professions
escritor,Professions
panadero,Professions
doctor,Professions
profesor,Professions
ingeniero,Professions
abogado,Professions
arquitecto,Professions
pintor,Professions
músico,Professions
actor,Professions
escritor,Professions
panadero,Professions
doctor,Professions
profesor,Professions
ingeniero,Professions
abogado,Professions
arquitecto,Professions
pintor,Professions
músico,Professions
actor,Professions
escritor,Professions
panadero,Professions
doctor,Professions
profesor,Professions
ingeniero,Professions
abogado,Professions
arquitecto,Professions
pintor,Professions
músico,Professions
actor,Professions
escritor,Professions
panadero,Professions
doctor,Professions
profesor,Professions
ingeniero,Professions
abogado,Professions
arquitecto,Professions
pintor,Professions
músico,Professions
actor,Professions
escritor,Professions
panadero,Professions
doctor,Professions
profesor,Professions
ingeniero,Professions
abogado,Professions
arquitecto,Professions
pintor,Professions
músico,Professions
actor,Professions
escritor,Professions
panadero,Professions
doctor,Professions
profesor,Professions
ingeniero,Professions
abogado,Professions
arquitecto,Professions
pintor,Professions
músico,Professions
actor,Professions
escritor,Professions
panadero,Professions
doctor,Professions
profesor,Professions
ingeniero,Professions
abogado,Professions
arquitecto,Professions
pintor,Professions
músico,Professions
actor,Professions
escritor,Professions
panadero,Professions
doctor,Professions
profesor,Professions
ingeniero,Professions
abogado,Professions
arquitecto,Professions
pintor,Professions
músico,Professions
actor,Professions
escritor,Professions
panadero,Professions
doctor,Professions
profesor,Professions
ingeniero,Professions
abogado,Professions
arquitecto,Professions
pintor,Professions
músico,Professions
actor,Professions
escritor,Professions
panadero,Professions
doctor,Professions
profesor,Professions
ingeniero,Professions
abogado,Professions
arquitecto,Professions
pintor,Professions
músico,Professions
actor,Professions
escritor,Professions
panadero,Professions
doctor,Professions
profesor,Professions
ingeniero,Professions
abogado,Professions
arquitecto,Professions
pintor,Professions
músico,Professions
actor,Professions
escritor,Professions
panadero,Professions
doctor,Professions
profesor,Professions
ingeniero,Professions
abogado,Professions
arquitecto,Professions
pintor,Professions
músico,Professions
actor,Professions
escritor,Professions
panadero,Professions
carro,Transportation
tren,Transportation
avión,Transportation
barco,Transportation
bicicleta,Transportation
autobús,Transportation
moto,Transportation
metro,Transportation
camión,Transportation
taxi,Transportation
carro,Transportation
tren,Transportation
avión,Transportation
barco,Transportation
bicicleta,Transportation
autobús,Transportation
moto,Transportation
metro,Transportation
camión,Transportation
taxi,Transportation
carro,Transportation
tren,Transportation
avión,Transportation
barco,Transportation
bicicleta,Transportation
autobús,Transportation
moto,Transportation
metro,Transportation
camión,Transportation
taxi,Transportation
carro,Transportation
tren,Transportation
avión,Transportation
barco,Transportation
bicicleta,Transportation
autobús,Transportation
moto,Transportation
metro,Transportation
camión,Transportation
taxi,Transportation
carro,Transportation
tren,Transportation
avión,Transportation
barco,Transportation
bicicleta,Transportation
autobús,Transportation
moto,Transportation
metro,Transportation
camión,Transportation
taxi,Transportation
carro,Transportation
tren,Transportation
avión,Transportation
barco,Transportation
bicicleta,Transportation
autobús,Transportation
moto,Transportation
metro,Transportation
camión,Transportation
taxi,Transportation
carro,Transportation
tren,Transportation
avión,Transportation
barco,Transportation
bicicleta,Transportation
autobús,Transportation
moto,Transportation
metro,Transportation
camión,Transportation
taxi,Transportation
carro,Transportation
tren,Transportation
avión,Transportation
barco,Transportation
bicicleta,Transportation
autobús,Transportation
moto,Transportation
metro,Transportation
camión,Transportation
taxi,Transportation
carro,Transportation
tren,Transportation
avión,Transportation
barco,Transportation
bicicleta,Transportation
autobús,Transportation
moto,Transportation
metro,Transportation
camión,Transportation
taxi,Transportation
carro,Transportation
tren,Transportation
avión,Transportation
barco,Transportation
bicicleta,Transportation
autobús,Transportation
moto,Transportation
metro,Transportation
camión,Transportation
taxi,Transportation
carro,Transportation
tren,Transportation
avión,Transportation
barco,Transportation
bicicleta,Transportation
autobús,Transportation
moto,Transportation
metro,Transportation
camión,Transportation
taxi,Transportation
carro,Transportation
tren,Transportation
avión,Transportation
barco,Transportation
bicicleta,Transportation
autobús,Transportation
moto,Transportation
metro,Transportation
camión,Transportation
taxi,Transportation
carro,Transportation
tren,Transportation
avión,Transportation
barco,Transportation
bicicleta,Transportation
autobús,Transportation
moto,Transportation
metro,Transportation
camión,Transportation
taxi,Transportation
carro,Transportation
tren,Transportation
avión,Transportation
barco,Transportation
bicicleta,Transportation
autobús,Transportation
moto,Transportation
metro,Transportation
camión,Transportation
taxi,Transportation
carro,Transportation
tren,Transportation
avión,Transportation
barco,Transportation
bicicleta,Transportation
autobús,Transportation
moto,Transportation
metro,Transportation
camión,Transportation
taxi,Transportation
carro,Transportation
tren,Transportation
avión,Transportation
barco,Transportation
bicicleta,Transportation
autobús,Transportation
moto,Transportation
metro,Transportation
camión,Transportation
taxi,Transportation
carro,Transportation
tren,Transportation
avión,Transportation
barco,Transportation
bicicleta,Transportation
autobús,Transportation
moto,Transportation
metro,Transportation
camión,Transportation
taxi,Transportation
carro,Transportation
tren,Transportation
avión,Transportation
barco,Transportation
bicicleta,Transportation
autobús,Transportation
moto,Transportation
metro,Transportation
camión,Transportation
taxi,Transportation
carro,Transportation
tren,Transportation
avión,Transportation
barco,Transportation
bicicleta,Transportation
autobús,Transportation
moto,Transportation
metro,Transportation
camión,Transportation
taxi,Transportation
carro,Transportation
tren,Transportation
avión,Transportation
barco,Transportation
bicicleta,Transportation
autobús,Transportation
moto,Transportation
metro,Transportation
camión,Transportation
taxi,Transportation
árbol,Nature
flor,Nature
montaña,Nature
río,Nature
lago,Nature
bosque,Nature
mar,Nature
cielo,Nature
sol,Nature
estrella,Nature
árbol,Nature
flor,Nature
montaña,Nature
río,Nature
lago,Nature
bosque,Nature
mar,Nature
cielo,Nature
sol,Nature
estrella,Nature
árbol,Nature
flor,Nature
montaña,Nature
río,Nature
lago,Nature
bosque,Nature
mar,Nature
cielo,Nature
sol,Nature
estrella,Nature
árbol,Nature
flor,Nature
montaña,Nature
río,Nature
lago,Nature
bosque,Nature
mar,Nature
cielo,Nature
sol,Nature
estrella,Nature
árbol,Nature
flor,Nature
montaña,Nature
río,Nature
lago,Nature
bosque,Nature
mar,Nature
cielo,Nature
sol,Nature
estrella,Nature
árbol,Nature
flor,Nature
montaña,Nature
río,Nature
lago,Nature
bosque,Nature
mar,Nature
cielo,Nature
sol,Nature
estrella,Nature
árbol,Nature
flor,Nature
montaña,Nature
río,Nature
lago,Nature
bosque,Nature
mar,Nature
cielo,Nature
sol,Nature
estrella,Nature
árbol,Nature
flor,Nature
montaña,Nature
río,Nature
lago,Nature
bosque,Nature
mar,Nature
cielo,Nature
sol,Nature
estrella,Nature
árbol,Nature
flor,Nature
montaña,Nature
río,Nature
lago,Nature
bosque,Nature
mar,Nature
cielo,Nature
sol,Nature
estrella,Nature
árbol,Nature
flor,Nature
montaña,Nature
río,Nature
lago,Nature
bosque,Nature
mar,Nature
cielo,Nature
sol,Nature
estrella,Nature
árbol,Nature
flor,Nature
montaña,Nature
río,Nature
lago,Nature
bosque,Nature
mar,Nature
cielo,Nature
sol,Nature
estrella,Nature
árbol,Nature
flor,Nature
montaña,Nature
río,Nature
lago,Nature
bosque,Nature
mar,Nature
cielo,Nature
sol,Nature
estrella,Nature
árbol,Nature
flor,Nature
montaña,Nature
río,Nature
lago,Nature
bosque,Nature
mar,Nature
cielo,Nature
sol,Nature
estrella,Nature
árbol,Nature
flor,Nature
montaña,Nature
río,Nature
lago,Nature
bosque,Nature
mar,Nature
cielo,Nature
sol,Nature
estrella,Nature
árbol,Nature
flor,Nature
montaña,Nature
río,Nature
lago,Nature
bosque,Nature
mar,Nature
cielo,Nature
sol,Nature
estrella,Nature
árbol,Nature
flor,Nature
montaña,Nature
río,Nature
lago,Nature
bosque,Nature
mar,Nature
cielo,Nature
sol,Nature
estrella,Nature
árbol,Nature
flor,Nature
montaña,Nature
río,Nature
lago,Nature
bosque,Nature
mar,Nature
cielo,Nature
sol,Nature
estrella,Nature
árbol,Nature
flor,Nature
montaña,Nature
río,Nature
lago,Nature
bosque,Nature
mar,Nature
cielo,Nature
sol,Nature
estrella,Nature
árbol,Nature
flor,Nature
montaña,Nature
río,Nature
lago,Nature
bosque,Nature
mar,Nature
cielo,Nature
sol,Nature
estrella,Nature
árbol,Nature
flor,Nature
montaña,Nature
río,Nature
lago,Nature
bosque,Nature
mar,Nature
cielo,Nature
sol,Nature
estrella,Nature
camisa,Clothing
pantalón,Clothing
zapatos,Clothing
vestido,Clothing
chaqueta,Clothing
sombrero,Clothing
calcetines,Clothing
guantes,Clothing
corbata,Clothing
falda,Clothing
camisa,Clothing
pantalón,Clothing
zapatos,Clothing
vestido,Clothing
chaqueta,Clothing
sombrero,Clothing
calcetines,Clothing
guantes,Clothing
corbata,Clothing
falda,Clothing
camisa,Clothing
pantalón,Clothing
zapatos,Clothing
vestido,Clothing
chaqueta,Clothing
sombrero,Clothing
calcetines,Clothing
guantes,Clothing
corbata,Clothing
falda,Clothing
camisa,Clothing
pantalón,Clothing
zapatos,Clothing
vestido,Clothing
chaqueta,Clothing
sombrero,Clothing
calcetines,Clothing
guantes,Clothing
corbata,Clothing
falda,Clothing
camisa,Clothing
pantalón,Clothing
zapatos,Clothing
vestido,Clothing
chaqueta,Clothing
sombrero,Clothing
calcetines,Clothing
guantes,Clothing
corbata,Clothing
falda,Clothing
camisa,Clothing
pantalón,Clothing
zapatos,Clothing
vestido,Clothing
chaqueta,Clothing
sombrero,Clothing
calcetines,Clothing
guantes,Clothing
corbata,Clothing
falda,Clothing
camisa,Clothing
pantalón,Clothing
zapatos,Clothing
vestido,Clothing
chaqueta,Clothing
sombrero,Clothing
calcetines,Clothing
guantes,Clothing
corbata,Clothing
falda,Clothing
camisa,Clothing
pantalón,Clothing
zapatos,Clothing
vestido,Clothing
chaqueta,Clothing
sombrero,Clothing
calcetines,Clothing
guantes,Clothing
corbata,Clothing
falda,Clothing
camisa,Clothing
pantalón,Clothing
zapatos,Clothing
vestido,Clothing
chaqueta,Clothing
sombrero,Clothing
calcetines,Clothing
guantes,Clothing
corbata,Clothing
falda,Clothing
camisa,Clothing
pantalón,Clothing
zapatos,Clothing
vestido,Clothing
chaqueta,Clothing
sombrero,Clothing
calcetines,Clothing
guantes,Clothing
corbata,Clothing
falda,Clothing
camisa,Clothing
pantalón,Clothing
zapatos,Clothing
vestido,Clothing
chaqueta,Clothing
sombrero,Clothing
calcetines,Clothing
guantes,Clothing
corbata,Clothing
falda,Clothing
camisa,Clothing
pantalón,Clothing
zapatos,Clothing
vestido,Clothing
chaqueta,Clothing
sombrero,Clothing
calcetines,Clothing
guantes,Clothing
corbata,Clothing
falda,Clothing
camisa,Clothing
pantalón,Clothing
zapatos,Clothing
vestido,Clothing
chaqueta,Clothing
sombrero,Clothing
calcetines,Clothing
guantes,Clothing
corbata,Clothing
falda,Clothing
camisa,Clothing
pantalón,Clothing
zapatos,Clothing
vestido,Clothing
chaqueta,Clothing
sombrero,Clothing
calcetines,Clothing
guantes,Clothing
corbata,Clothing
falda,Clothing
camisa,Clothing
pantalón,Clothing
zapatos,Clothing
vestido,Clothing
chaqueta,Clothing
sombrero,Clothing
calcetines,Clothing
guantes,Clothing
corbata,Clothing
falda,Clothing
camisa,Clothing
pantalón,Clothing
zapatos,Clothing
vestido,Clothing
chaqueta,Clothing
sombrero,Clothing
calcetines,Clothing
guantes,Clothing
corbata,Clothing
falda,Clothing
camisa,Clothing
pantalón,Clothing
zapatos,Clothing
vestido,Clothing
chaqueta,Clothing
sombrero,Clothing
calcetines,Clothing
guantes,Clothing
corbata,Clothing
falda,Clothing
camisa,Clothing
pantalón,Clothing
zapatos,Clothing
vestido,Clothing
chaqueta,Clothing
sombrero,Clothing
calcetines,Clothing
guantes,Clothing
corbata,Clothing
falda,Clothing
camisa,Clothing
pantalón,Clothing
zapatos,Clothing
vestido,Clothing
chaqueta,Clothing
sombrero,Clothing
calcetines,Clothing
guantes,Clothing
corbata,Clothing
falda,Clothing
camisa,Clothing
pantalón,Clothing
zapatos,Clothing
vestido,Clothing
chaqueta,Clothing
sombrero,Clothing
calcetines,Clothing
guantes,Clothing
corbata,Clothing
falda,Clothing
cabeza,Body Parts
mano,Body Parts
pierna,Body Parts
brazo,Body Parts
ojo,Body Parts
nariz,Body Parts
boca,Body Parts
oreja,Body Parts
pie,Body Parts
dedo,Body Parts
cabeza,Body Parts
mano,Body Parts
pierna,Body Parts
brazo,Body Parts
ojo,Body Parts
nariz,Body Parts
boca,Body Parts
oreja,Body Parts
pie,Body Parts
dedo,Body Parts
cabeza,Body Parts
mano,Body Parts
pierna,Body Parts
brazo,Body Parts
ojo,Body Parts
nariz,Body Parts
boca,Body Parts
oreja,Body Parts
pie,Body Parts
dedo,Body Parts
cabeza,Body Parts
mano,Body Parts
pierna,Body Parts
brazo,Body Parts
ojo,Body Parts
nariz,Body Parts
boca,Body Parts
oreja,Body Parts
pie,Body Parts
dedo,Body Parts
cabeza,Body Parts
mano,Body Parts
pierna,Body Parts
brazo,Body Parts
ojo,Body Parts
nariz,Body Parts
boca,Body Parts
oreja,Body Parts
pie,Body Parts
dedo,Body Parts
cabeza,Body Parts
mano,Body Parts
pierna,Body Parts
brazo,Body Parts
ojo,Body Parts
nariz,Body Parts
boca,Body Parts
oreja,Body Parts
pie,Body Parts
dedo,Body Parts
cabeza,Body Parts
mano,Body Parts
pierna,Body Parts
brazo,Body Parts
ojo,Body Parts
nariz,Body Parts
boca,Body Parts
oreja,Body Parts
pie,Body Parts
dedo,Body Parts
cabeza,Body Parts
mano,Body Parts
pierna,Body Parts
brazo,Body Parts
ojo,Body Parts
nariz,Body Parts
boca,Body Parts
oreja,Body Parts
pie,Body Parts
dedo,Body Parts
cabeza,Body Parts
mano,Body Parts
pierna,Body Parts
brazo,Body Parts
ojo,Body Parts
nariz,Body Parts
boca,Body Parts
oreja,Body Parts
pie,Body Parts
dedo,Body Parts
cabeza,Body Parts
mano,Body Parts
pierna,Body Parts
brazo,Body Parts
ojo,Body Parts
nariz,Body Parts
boca,Body Parts
oreja,Body Parts
pie,Body Parts
dedo,Body Parts
cabeza,Body Parts
mano,Body Parts
pierna,Body Parts
brazo,Body Parts
ojo,Body Parts
nariz,Body Parts
boca,Body Parts
oreja,Body Parts
pie,Body Parts
dedo,Body Parts
cabeza,Body Parts
mano,Body Parts
pierna,Body Parts
brazo,Body Parts
ojo,Body Parts
nariz,Body Parts
boca,Body Parts
oreja,Body Parts
pie,Body Parts
dedo,Body Parts
cabeza,Body Parts
mano,Body Parts
pierna,Body Parts
brazo,Body Parts
ojo,Body Parts
nariz,Body Parts
boca,Body Parts
oreja,Body Parts
pie,Body Parts
dedo,Body Parts
cabeza,Body Parts
mano,Body Parts
pierna,Body Parts
brazo,Body Parts
ojo,Body Parts
nariz,Body Parts
boca,Body Parts
oreja,Body Parts
pie,Body Parts
dedo,Body Parts
cabeza,Body Parts
mano,Body Parts
pierna,Body Parts
brazo,Body Parts
ojo,Body Parts
nariz,Body Parts
boca,Body Parts
oreja,Body Parts
pie,Body Parts
dedo,Body Parts
cabeza,Body Parts
mano,Body Parts
pierna,Body Parts
brazo,Body Parts
ojo,Body Parts
nariz,Body Parts
boca,Body Parts
oreja,Body Parts
pie,Body Parts
dedo,Body Parts
cabeza,Body Parts
mano,Body Parts
pierna,Body Parts
brazo,Body Parts
ojo,Body Parts
nariz,Body Parts
boca,Body Parts
oreja,Body Parts
pie,Body Parts
dedo,Body Parts
cabeza,Body Parts
mano,Body Parts
pierna,Body Parts
brazo,Body Parts
ojo,Body Parts
nariz,Body Parts
boca,Body Parts
oreja,Body Parts
pie,Body Parts
dedo,Body Parts
cabeza,Body Parts
mano,Body Parts
pierna,Body Parts
brazo,Body Parts
ojo,Body Parts
nariz,Body Parts
boca,Body Parts
oreja,Body Parts
pie,Body Parts
dedo,Body Parts
cabeza,Body Parts
mano,Body Parts
pierna,Body Parts
brazo,Body Parts
ojo,Body Parts
nariz,Body Parts
boca,Body Parts
oreja,Body Parts
pie,Body Parts
dedo,Body Parts
hola,Conversational
adiós,Conversational
por favor,Conversational
gracias,Conversational
de nada,Conversational
lo siento,Conversational
disculpe,Conversational
¿cómo estás?,Conversational
bien,Conversational
¿y tú?,Conversational
¿qué hora es?,Conversational
buenos días,Conversational
buenas tardes,Conversational
buenas noches,Conversational
hasta luego,Conversational
nos vemos,Conversational
mucho gusto,Conversational
¿dónde está?,Conversational
¿puedo ayudarle?,Conversational
¿cuánto cuesta?,Conversational
hola,Conversational
adiós,Conversational
por favor,Conversational
gracias,Conversational
de nada,Conversational
lo siento,Conversational
disculpe,Conversational
¿cómo estás?,Conversational
bien,Conversational
¿y tú?,Conversational
¿qué hora es?,Conversational
buenos días,Conversational
buenas tardes,Conversational
buenas noches,Conversational
hasta luego,Conversational
nos vemos,Conversational
mucho gusto,Conversational
¿dónde está?,Conversational
¿puedo ayudarle?,Conversational
¿cuánto cuesta?,Conversational
hola,Conversational
adiós,Conversational
por favor,Conversational
gracias,Conversational
de nada,Conversational
lo siento,Conversational
disculpe,Conversational
¿cómo estás?,Conversational
bien,Conversational
¿y tú?,Conversational
¿qué hora es?,Conversational
buenos días,Conversational
buenas tardes,Conversational
buenas noches,Conversational
hasta luego,Conversational
nos vemos,Conversational
mucho gusto,Conversational
¿dónde está?,Conversational
¿puedo ayudarle?,Conversational
¿cuánto cuesta?,Conversational
hola,Conversational
adiós,Conversational
por favor,Conversational
gracias,Conversational
de nada,Conversational
lo siento,Conversational
disculpe,Conversational
¿cómo estás?,Conversational
bien,Conversational
¿y tú?,Conversational
¿qué hora es?,Conversational
buenos días,Conversational
buenas tardes,Conversational
buenas noches,Conversational
hasta luego,Conversational
nos vemos,Conversational
mucho gusto,Conversational
¿dónde está?,Conversational
¿puedo ayudarle?,Conversational
¿cuánto cuesta?,Conversational
hola,Conversational
adiós,Conversational
por favor,Conversational
gracias,Conversational
de nada,Conversational
lo siento,Conversational
disculpe,Conversational
¿cómo estás?,Conversational
bien,Conversational
¿y tú?,Conversational
¿qué hora es?,Conversational
buenos días,Conversational
buenas tardes,Conversational
buenas noches,Conversational
hasta luego,Conversational
nos vemos,Conversational
mucho gusto,Conversational
¿dónde está?,Conversational
¿puedo ayudarle?,Conversational
¿cuánto cuesta?,Conversational
hola,Conversational
adiós,Conversational
por favor,Conversational
gracias,Conversational
de nada,Conversational
lo siento,Conversational
disculpe,Conversational
¿cómo estás?,Conversational
bien,Conversational
¿y tú?,Conversational
¿qué hora es?,Conversational
buenos días,Conversational
buenas tardes,Conversational
buenas noches,Conversational
hasta luego,Conversational
nos vemos,Conversational
mucho gusto,Conversational
¿dónde está?,Conversational
¿puedo ayudarle?,Conversational
¿cuánto cuesta?,Conversational
hola,Conversational
adiós,Conversational
por favor,Conversational
gracias,Conversational
de nada,Conversational
lo siento,Conversational
disculpe,Conversational
¿cómo estás?,Conversational
bien,Conversational
¿y tú?,Conversational
¿qué hora es?,Conversational
buenos días,Conversational
buenas tardes,Conversational
buenas noches,Conversational
hasta luego,Conversational
nos vemos,Conversational
mucho gusto,Conversational
¿dónde está?,Conversational
¿puedo ayudarle?,Conversational
¿cuánto cuesta?,Conversational
hola,Conversational
adiós,Conversational
por favor,Conversational
gracias,Conversational
de nada,Conversational
lo siento,Conversational
disculpe,Conversational
¿cómo estás?,Conversational
bien,Conversational
¿y tú?,Conversational
¿qué hora es?,Conversational
buenos días,Conversational
buenas tardes,Conversational
buenas noches,Conversational
hasta luego,Conversational
nos vemos,Conversational
mucho gusto,Conversational
¿dónde está?,Conversational
¿puedo ayudarle?,Conversational
¿cuánto cuesta?,Conversational
hola,Conversational
adiós,Conversational
por favor,Conversational
gracias,Conversational
de nada,Conversational
lo siento,Conversational
disculpe,Conversational
¿cómo estás?,Conversational
bien,Conversational
¿y tú?,Conversational
¿qué hora es?,Conversational
buenos días,Conversational
buenas tardes,Conversational
buenas noches,Conversational
hasta luego,Conversational
nos vemos,Conversational
mucho gusto,Conversational
¿dónde está?,Conversational
¿puedo ayudarle?,Conversational
¿cuánto cuesta?,Conversational
hola,Conversational
adiós,Conversational
por favor,Conversational
gracias,Conversational
de nada,Conversational
lo siento,Conversational
disculpe,Conversational
¿cómo estás?,Conversational
bien,Conversational
¿y tú?,Conversational
¿qué hora es?,Conversational
buenos días,Conversational
buenas tardes,Conversational
buenas noches,Conversational
hasta luego,Conversational
nos vemos,Conversational
mucho gusto,Conversational
¿dónde está?,Conversational
¿puedo ayudarle?,Conversational
¿cuánto cuesta?,Conversational
